listing_id,property_id,agent_id,seller_id,status
1,1099,47,1164,active
2,332,72,749,sold
3,865,51,420,active
4,690,21,245,active
5,1066,20,764,removed
6,20,18,18,active
7,822,74,134,active
8,21,30,26,active
9,520,53,577,active
10,1418,16,818,sold
11,935,47,1148,removed
12,897,55,178,removed
13,1249,79,429,removed
14,646,32,1106,active
15,356,36,785,active
16,115,11,1159,sold
17,473,75,684,removed
18,999,22,292,active
19,555,17,56,active
20,607,59,84,sold
21,1191,3,114,active
22,334,21,808,removed
23,600,7,1087,active
24,900,53,1128,removed
25,1353,70,568,active
26,209,61,785,active
27,1015,42,1007,active
28,217,80,963,removed
29,375,34,63,active
30,1311,70,284,active
31,903,20,965,active
32,1289,19,421,active
33,132,24,194,active
34,83,75,956,active
35,790,51,927,active
36,1460,33,1126,active
37,302,32,602,active
38,385,58,705,removed
39,157,24,124,active
40,177,7,148,active
41,1052,6,293,active
42,1410,71,510,removed
43,1258,7,817,sold
44,152,59,1051,active
45,993,38,844,active
46,1289,29,734,active
47,213,76,1195,active
48,516,46,220,active
49,225,64,126,active
50,292,64,1163,active
51,522,32,274,active
52,373,21,25,active
53,593,20,180,active
54,361,49,828,active
55,534,76,1083,active
56,394,25,904,active
57,1418,70,998,active
58,594,38,373,active
59,38,40,624,removed
60,1023,66,736,active
61,678,2,337,active
62,341,2,1060,active
63,1400,49,938,active
64,716,10,751,removed
65,642,25,964,active
66,1018,33,764,active
67,373,51,528,active
68,429,21,1165,removed
69,649,54,290,active
70,927,64,586,active
71,350,21,1121,active
72,315,3,517,active
73,818,45,669,active
74,1239,18,32,active
75,1173,21,188,active
76,240,10,401,sold
77,841,28,50,active
78,651,41,925,active
79,1192,52,290,active
80,949,20,789,active
81,1275,38,812,removed
82,369,6,532,active
83,687,34,764,active
84,1324,71,421,active
85,420,14,279,active
86,83,6,340,active
87,460,21,79,removed
88,172,23,1042,active
89,355,10,459,active
90,1048,15,866,active
91,315,56,671,active
92,1023,52,369,removed
93,213,75,136,active
94,537,72,663,active
95,634,40,916,active
96,1380,1,50,removed
97,364,73,1143,active
98,1020,57,780,active
99,501,41,645,active
100,795,52,351,sold
101,818,40,948,active
102,1221,56,881,active
103,607,24,138,active
104,1465,56,990,active
105,154,25,225,active
106,1414,9,55,active
107,1253,33,657,active
108,231,37,895,active
109,1047,73,946,removed
110,230,12,582,removed
111,915,20,1009,removed
112,1205,79,730,sold
113,569,74,841,active
114,1335,21,638,active
115,228,71,23,active
116,885,55,503,active
117,1410,22,860,active
118,12,45,1152,active
119,331,70,416,active
120,812,25,1073,active
121,659,6,405,removed
122,554,32,1092,active
123,482,71,864,active
124,728,71,839,active
125,856,79,213,active
126,1157,79,76,active
127,816,69,848,active
128,937,56,1148,active
129,466,23,1035,active
130,424,65,749,removed
131,1379,27,266,removed
132,835,11,627,active
133,234,70,1122,removed
134,825,23,489,active
135,508,56,680,active
136,223,1,1197,active
137,318,65,968,active
138,463,78,190,active
139,1108,66,891,sold
140,716,24,567,active
141,1492,9,654,active
142,1451,3,498,sold
143,988,64,473,active
144,89,55,923,active
145,759,75,208,active
146,1103,67,124,removed
147,546,32,943,active
148,261,60,745,active
149,840,15,566,sold
150,1423,15,434,sold
151,859,75,1048,active
152,506,70,843,active
153,1354,64,220,active
154,35,20,853,active
155,755,52,659,active
156,350,79,1070,active
157,193,18,402,active
158,631,79,630,active
159,333,44,404,active
160,559,56,769,active
161,911,39,1092,active
162,1245,3,548,active
163,974,19,937,active
164,867,76,376,active
165,897,74,759,active
166,45,72,4,active
167,1220,59,382,active
168,1020,33,687,active
169,1266,74,355,active
170,155,66,239,removed
171,1033,39,139,active
172,497,37,1026,active
173,1291,44,256,active
174,1191,69,989,active
175,780,38,950,active
176,58,34,360,active
177,1239,22,809,active
178,808,2,405,sold
179,243,5,203,active
180,940,6,488,active
181,1133,78,1110,active
182,1115,23,337,active
183,518,46,644,active
184,454,1,684,removed
185,1174,72,233,removed
186,85,43,598,active
187,1108,71,294,active
188,971,34,1018,removed
189,218,71,429,active
190,485,2,185,sold
191,916,48,1127,active
192,2,28,56,active
193,1475,50,930,active
194,209,76,1094,removed
195,1222,46,788,active
196,733,50,363,active
197,535,73,235,removed
198,1109,38,533,active
199,107,65,931,active
200,1477,3,800,active
201,967,21,508,removed
202,72,4,139,active
203,418,55,459,removed
204,252,7,288,active
205,606,39,1168,sold
206,270,77,731,sold
207,806,62,341,active
208,865,72,1111,sold
209,767,22,372,sold
210,774,19,964,removed
211,240,42,1120,active
212,1224,56,1073,active
213,646,55,941,active
214,371,16,747,active
215,484,28,1147,active
216,1352,38,543,removed
217,530,64,382,active
218,797,39,667,active
219,667,48,733,active
220,896,42,212,active
221,475,69,282,active
222,1002,11,1192,active
223,683,45,272,active
224,1437,77,69,active
225,511,51,158,active
226,188,9,1144,active
227,968,31,1137,removed
228,294,60,615,active
229,555,69,785,active
230,505,80,428,active
231,1459,42,682,active
232,371,75,816,active
233,1396,45,176,active
234,641,13,498,active
235,1029,42,606,active
236,173,58,83,active
237,107,68,1045,active
238,744,40,736,active
239,918,59,382,active
240,472,47,780,active
241,290,39,541,removed
242,1499,38,138,removed
243,945,16,439,active
244,1439,74,565,active
245,593,78,252,active
246,474,63,633,active
247,456,25,153,active
248,863,11,1074,removed
249,1410,26,297,removed
250,1068,77,224,active
251,77,66,586,active
252,359,72,84,active
253,357,62,671,active
254,20,37,1011,active
255,377,41,833,active
256,372,16,548,active
257,837,42,1015,active
258,671,29,598,removed
259,1049,7,125,active
260,220,46,526,active
261,386,38,347,removed
262,1017,12,897,active
263,776,21,728,removed
264,1206,9,386,active
265,812,18,721,active
266,527,49,770,removed
267,537,44,65,active
268,1178,75,967,active
269,76,15,58,active
270,1135,44,593,active
271,35,69,1115,active
272,1401,44,203,active
273,175,70,730,active
274,1070,38,1114,active
275,1333,38,480,active
276,1054,67,368,active
277,1373,79,881,active
278,760,57,212,active
279,760,63,407,active
280,1170,45,921,active
281,1062,15,1030,active
282,367,19,89,active
283,1196,60,891,active
284,1353,10,1001,active
285,1084,70,230,active
286,926,11,568,active
287,673,75,654,active
288,538,43,992,active
289,545,27,526,active
290,328,67,481,sold
291,215,11,224,active
292,1308,4,259,active
293,700,56,1041,active
294,168,74,306,active
295,1007,69,97,active
296,690,74,12,removed
297,47,80,803,sold
298,1475,74,771,removed
299,216,57,577,active
300,759,41,184,active
301,871,55,718,active
302,766,12,769,removed
303,642,65,664,removed
304,1479,60,1183,active
305,1370,41,240,active
306,809,3,912,active
307,250,74,298,removed
308,164,2,309,sold
309,1091,17,1048,active
310,972,40,168,active
311,646,45,150,active
312,874,6,705,active
313,1088,42,1010,active
314,207,65,872,active
315,581,42,74,removed
316,614,28,869,active
317,821,9,1115,active
318,1428,68,617,active
319,824,18,1126,active
320,445,45,632,active
321,822,73,306,active
322,496,80,73,active
323,1284,43,672,active
324,882,12,451,active
325,598,58,813,active
326,1333,43,1061,active
327,770,31,717,active
328,381,46,429,removed
329,237,13,467,active
330,805,79,50,active
331,1041,31,582,active
332,936,4,1051,active
333,1218,54,938,active
334,840,1,425,sold
335,605,23,645,active
336,523,33,85,removed
337,1399,53,94,active
338,215,80,847,active
339,663,27,414,active
340,1301,39,503,removed
341,88,48,1185,active
342,387,72,674,active
343,1005,28,9,active
344,997,54,258,active
345,1043,14,328,active
346,1386,35,559,active
347,1186,30,728,active
348,433,3,707,active
349,92,54,616,active
350,1424,78,767,sold
351,8,73,215,active
352,1099,36,1155,active
353,931,35,1072,active
354,719,15,1055,active
355,674,69,914,removed
356,279,63,152,active
357,403,3,785,sold
358,1133,72,148,removed
359,786,35,949,active
360,72,26,378,sold
361,1210,65,930,active
362,134,65,614,active
363,963,57,797,active
364,1049,29,893,active
365,829,37,931,active
366,29,33,117,active
367,18,78,13,active
368,231,45,238,active
369,1305,54,1192,active
370,1117,17,487,active
371,542,22,1194,active
372,537,9,801,removed
373,477,11,750,active
374,1337,46,555,active
375,15,35,927,active
376,41,8,861,active
377,1413,76,1025,active
378,205,73,267,active
379,761,31,1027,active
380,155,8,762,active
381,1262,40,123,sold
382,296,19,916,active
383,954,4,721,active
384,1143,61,188,active
385,524,74,500,active
386,364,48,96,sold
387,612,19,227,active
388,543,28,214,active
389,221,69,1012,active
390,73,25,378,active
391,884,13,838,active
392,103,61,13,active
393,818,58,845,active
394,115,20,952,active
395,1218,43,954,removed
396,801,54,878,active
397,1170,47,242,active
398,1114,75,35,active
399,953,61,743,active
400,123,13,615,active
401,684,73,1188,active
402,945,28,756,active
403,389,5,801,active
404,329,12,135,active
405,780,73,48,active
406,968,10,801,active
407,292,24,148,active
408,520,41,1071,sold
409,573,53,969,active
410,1016,15,701,active
411,141,61,1019,active
412,526,40,305,active
413,297,29,928,active
414,270,24,444,active
415,1327,51,17,active
416,371,28,1121,active
417,169,19,1175,active
418,1361,3,716,active
419,914,61,1089,active
420,1264,3,258,active
421,862,46,393,active
422,268,61,502,active
423,954,78,999,active
424,1142,4,1194,sold
425,275,35,1165,active
426,1418,46,717,active
427,230,49,42,active
428,218,74,815,active
429,1100,75,1136,removed
430,350,56,666,removed
431,1440,37,895,active
432,1098,53,319,active
433,877,66,822,active
434,439,60,467,sold
435,20,65,651,active
436,935,34,28,active
437,473,57,1002,active
438,182,73,136,active
439,1005,38,760,removed
440,268,11,540,active
441,104,52,702,active
442,1084,26,484,active
443,1496,17,1018,active
444,668,30,347,active
445,1045,56,336,active
446,81,65,196,active
447,1176,68,504,active
448,885,24,184,active
449,20,22,82,sold
450,409,63,836,sold
451,304,2,442,sold
452,4,27,931,active
453,125,3,21,active
454,772,32,971,active
455,1463,52,559,active
456,228,79,5,active
457,1068,74,941,removed
458,185,16,315,active
459,6,3,711,sold
460,190,50,698,removed
461,1286,20,1002,active
462,1404,64,249,sold
463,1192,69,1162,removed
464,1489,59,904,active
465,92,50,10,active
466,690,39,671,sold
467,169,71,526,active
468,529,50,305,active
469,48,77,997,removed
470,1208,66,345,active
471,511,56,147,removed
472,1481,32,1171,active
473,197,67,1088,active
474,190,78,683,active
475,1422,34,408,active
476,1175,40,186,sold
477,388,34,985,removed
478,25,9,446,active
479,490,36,506,active
480,915,42,463,sold
481,1244,77,311,active
482,1442,35,1063,active
483,905,19,871,active
484,120,71,173,active
485,1319,3,991,active
486,1105,12,839,active
487,283,29,637,active
488,592,1,185,sold
489,801,19,39,active
490,1026,9,617,active
491,666,18,576,active
492,735,25,505,active
493,456,45,560,active
494,604,12,198,active
495,1147,18,679,active
496,220,71,142,active
497,143,23,963,active
498,671,45,695,active
499,1364,51,141,removed
500,125,60,739,active
501,114,34,527,active
502,111,11,158,active
503,1070,19,564,active
504,184,23,248,sold
505,261,73,897,sold
506,1285,55,85,active
507,257,4,801,sold
508,1091,48,12,active
509,880,56,918,active
510,1497,34,388,active
511,95,40,801,active
512,296,57,518,sold
513,1299,39,471,removed
514,52,14,762,active
515,485,1,450,active
516,1282,27,1187,active
517,1008,20,324,active
518,1144,54,104,active
519,840,69,211,active
520,651,13,915,active
521,940,24,485,active
522,8,66,483,removed
523,1441,50,1150,active
524,1432,52,1171,active
525,267,36,94,sold
526,1273,57,1090,sold
527,1118,57,633,removed
528,553,80,364,active
529,165,21,710,active
530,426,47,17,active
531,223,66,374,active
532,990,39,1197,active
533,482,41,1064,active
534,430,40,66,active
535,859,49,675,active
536,227,20,108,active
537,1305,56,1032,active
538,730,21,440,active
539,353,3,1194,active
540,1416,36,981,active
541,181,16,125,active
542,1255,64,947,active
543,1128,11,656,active
544,511,1,1056,active
545,479,40,282,active
546,1202,37,621,removed
547,1030,23,881,active
548,1059,36,720,removed
549,1100,3,497,active
550,38,45,1039,active
551,207,6,224,active
552,760,40,241,active
553,572,11,982,active
554,507,4,147,active
555,105,40,750,active
556,1082,55,5,removed
557,491,64,178,active
558,1496,65,473,active
559,120,26,203,active
560,1432,26,129,active
561,1128,76,763,active
562,102,11,111,removed
563,67,2,259,active
564,973,15,298,active
565,1413,64,913,active
566,956,72,508,active
567,215,50,1090,sold
568,727,79,918,sold
569,1479,65,323,active
570,1328,37,1036,sold
571,956,68,407,removed
572,20,16,94,active
573,897,44,279,active
574,340,16,27,active
575,341,72,654,active
576,909,67,910,active
577,282,60,736,removed
578,1465,30,577,active
579,851,14,527,active
580,1414,66,137,removed
581,963,20,161,removed
582,1387,77,1083,removed
583,1298,50,313,active
584,248,69,243,active
585,465,6,551,removed
586,1147,14,1108,sold
587,373,37,675,active
588,1481,71,451,removed
589,954,65,36,active
590,1334,33,817,removed
591,398,18,264,removed
592,382,21,1194,removed
593,801,75,43,removed
594,788,78,816,removed
595,1130,46,1039,active
596,816,61,23,active
597,907,46,82,active
598,1414,16,306,active
599,747,19,111,active
600,237,53,1102,active
601,298,50,90,active
602,20,28,243,active
603,1329,67,940,active
604,321,37,1040,active
605,1424,15,760,active
606,455,74,172,active
607,600,65,82,active
608,21,39,1122,active
609,871,77,990,removed
610,32,41,1057,active
611,302,13,453,sold
612,773,61,874,active
613,1463,71,477,active
614,828,32,288,active
615,1259,43,290,active
616,186,12,4,active
617,243,36,1121,active
618,532,20,609,active
619,1199,55,1055,sold
620,656,61,307,active
621,658,15,172,active
622,157,58,1117,active
623,202,18,291,active
624,1153,64,629,active
625,742,34,192,active
626,1310,6,933,active
627,1226,60,199,active
628,786,3,191,active
629,600,56,927,active
630,758,36,521,removed
631,960,19,42,active
632,905,14,31,active
633,126,65,571,active
634,787,34,921,active
635,1089,30,596,active
636,126,28,122,active
637,629,30,655,active
638,381,57,367,removed
639,618,65,1038,active
640,941,24,471,active
641,1153,23,412,active
642,808,68,494,sold
643,924,24,683,active
644,615,6,552,active
645,514,18,11,active
646,773,27,180,active
647,139,27,1160,active
648,1489,71,1190,sold
649,975,54,842,active
650,1237,17,272,removed
651,884,65,1020,active
652,107,53,1103,active
653,62,34,641,sold
654,1072,51,727,active
655,362,8,844,active
656,759,31,324,active
657,53,68,1161,removed
658,297,61,246,active
659,172,42,732,removed
660,879,33,950,active
661,393,42,505,active
662,971,65,731,removed
663,1024,44,426,active
664,894,10,720,active
665,57,31,1015,removed
666,532,19,1036,active
667,431,52,915,removed
668,933,27,222,active
669,361,23,1161,active
670,988,14,130,removed
671,952,48,796,removed
672,873,78,149,sold
673,219,55,205,active
674,604,21,757,removed
675,762,15,359,active
676,1132,52,708,active
677,67,48,217,sold
678,871,75,9,active
679,367,24,34,removed
680,847,73,973,active
681,196,35,226,active
682,551,64,1012,active
683,865,70,29,removed
684,923,60,1089,removed
685,40,28,987,sold
686,820,25,549,removed
687,81,44,835,active
688,68,38,716,active
689,379,53,1020,active
690,520,36,464,active
691,232,57,198,active
692,909,56,300,sold
693,11,70,276,sold
694,67,51,924,sold
695,533,8,195,removed
696,1262,79,999,sold
697,666,14,849,active
698,1239,29,158,active
699,324,64,222,active
700,179,21,1102,active
701,794,29,430,active
702,612,73,998,active
703,257,56,873,active
704,810,43,1006,active
705,341,71,787,active
706,421,76,606,active
707,1284,76,461,active
708,1481,1,627,removed
709,891,39,997,active
710,1015,47,920,active
711,45,22,53,active
712,1363,14,695,sold
713,352,77,56,active
714,160,48,950,removed
715,613,31,760,active
716,531,70,704,sold
717,1198,29,215,removed
718,714,25,308,active
719,14,22,305,active
720,84,20,991,active
721,1336,43,426,removed
722,122,15,759,removed
723,464,44,354,active
724,1471,5,283,removed
725,1190,65,994,active
726,1148,37,845,removed
727,1278,25,923,removed
728,395,21,365,removed
729,808,21,728,active
730,15,69,31,active
731,1103,30,151,active
732,552,35,113,active
733,1188,8,547,removed
734,1226,51,389,sold
735,1253,77,754,active
736,116,16,179,active
737,1017,52,243,active
738,942,40,723,active
739,328,9,1116,active
740,374,77,948,removed
741,1313,12,696,active
742,918,44,763,sold
743,201,76,164,active
744,915,10,855,active
745,987,48,289,active
746,263,55,1051,sold
747,970,41,188,active
748,1042,52,313,active
749,291,4,1096,active
750,247,58,990,removed
751,55,1,702,active
752,1352,69,1111,active
753,282,35,74,active
754,1445,14,77,active
755,472,43,437,active
756,193,35,259,active
757,286,13,713,active
758,614,31,814,removed
759,1060,57,601,sold
760,945,18,326,active
761,260,48,843,active
762,269,20,1195,active
763,1117,31,862,removed
764,1287,42,851,sold
765,225,76,222,active
766,16,39,945,active
767,1009,6,532,active
768,783,74,245,sold
769,481,22,724,active
770,1144,56,436,active
771,1265,8,206,active
772,1468,70,813,active
773,888,36,70,removed
774,684,65,962,removed
775,1080,68,235,removed
776,1109,22,1197,removed
777,1433,56,865,removed
778,277,52,965,active
779,1041,35,489,active
780,1349,75,952,active
781,625,28,1062,removed
782,654,48,98,removed
783,803,22,683,active
784,376,45,9,removed
785,1093,24,435,active
786,1360,52,209,removed
787,615,58,214,active
788,387,76,930,active
789,370,2,113,removed
790,348,21,306,sold
791,179,37,701,active
792,1217,2,964,active
793,1439,54,485,active
794,1421,57,45,active
795,817,1,327,sold
796,702,7,1184,active
797,882,25,227,active
798,584,6,22,active
799,1259,10,63,active
800,173,74,273,active
801,412,69,760,active
802,329,39,1023,active
803,178,76,276,active
804,12,6,518,sold
805,1084,19,567,active
806,77,42,491,active
807,228,54,1014,removed
808,971,56,1071,active
809,577,28,862,active
810,725,2,17,active
811,468,60,215,active
812,868,12,548,removed
813,1350,19,1056,active
814,228,27,1068,removed
815,841,15,13,active
816,1265,34,353,active
817,892,39,172,sold
818,1466,13,478,active
819,590,15,1127,active
820,942,23,572,active
821,796,67,445,active
822,861,5,521,removed
823,427,33,741,active
824,1278,6,1000,active
825,878,9,585,active
826,697,13,634,active
827,41,12,1020,removed
828,1270,79,695,active
829,614,24,48,removed
830,588,72,273,active
831,547,35,95,removed
832,345,29,335,active
833,687,26,622,removed
834,1173,33,552,active
835,23,22,442,removed
836,1098,48,911,active
837,281,54,687,active
838,576,60,215,active
839,889,35,77,active
840,7,77,421,active
841,691,41,597,active
842,549,23,114,active
843,571,31,399,removed
844,1236,3,1020,removed
845,1192,29,589,active
846,537,55,63,active
847,1327,53,899,active
848,455,59,627,sold
849,1071,34,344,active
850,105,51,886,active
851,1111,58,1032,active
852,720,54,320,removed
853,958,17,828,removed
854,479,52,681,sold
855,138,48,805,active
856,1422,12,643,active
857,1060,78,702,active
858,123,20,557,active
859,1425,22,708,removed
860,23,67,383,active
861,1429,59,795,removed
862,1152,50,23,active
863,484,47,505,removed
864,878,5,417,removed
865,467,32,547,active
866,871,76,632,active
867,56,51,598,active
868,1364,28,26,removed
869,965,16,676,sold
870,375,24,519,active
871,974,74,785,active
872,167,79,18,removed
873,926,66,791,active
874,674,28,624,removed
875,1385,77,989,removed
876,794,61,918,active
877,850,27,376,active
878,347,66,844,active
879,1032,62,491,active
880,645,42,1040,active
881,1374,39,702,active
882,242,59,72,active
883,1149,55,937,active
884,160,70,1065,active
885,1482,57,34,active
886,422,24,1026,active
887,143,52,934,active
888,1385,2,586,active
889,1189,75,219,removed
890,1043,79,98,active
891,1161,69,1145,active
892,246,72,191,active
893,662,27,946,removed
894,950,12,563,active
895,13,69,522,removed
896,631,79,327,active
897,1203,38,196,active
898,1471,76,661,active
899,1362,31,1196,removed
900,1382,31,1178,active
901,1408,77,842,active
902,579,46,948,active
903,858,58,31,sold
904,1227,23,79,active
905,1104,57,233,active
906,530,78,656,active
907,557,30,689,sold
908,570,32,993,active
909,301,10,575,active
910,229,54,582,active
911,12,50,775,active
912,1313,35,811,active
913,234,44,1089,active
914,1188,7,127,active
915,518,75,1135,active
916,291,66,116,active
917,410,58,948,active
918,975,7,1153,active
919,320,53,771,active
920,914,7,252,active
921,1289,70,36,active
922,135,59,198,active
923,1083,22,738,sold
924,1127,23,796,removed
925,607,39,1030,active
926,62,3,563,active
927,1040,75,1189,active
928,1158,24,784,active
929,1293,36,110,active
930,1106,1,522,sold
931,1404,15,874,active
932,789,15,213,removed
933,832,51,164,active
934,68,68,166,removed
935,492,80,148,active
936,1302,23,1136,active
937,1378,34,349,active
938,668,77,469,active
939,377,33,414,sold
940,1394,63,1108,active
941,366,2,898,active
942,1356,19,369,active
943,766,28,501,active
944,1200,12,1155,sold
945,457,59,447,active
946,375,71,1119,active
947,925,52,1005,removed
948,1443,8,310,active
949,1330,58,1,active
950,602,32,463,active
951,1413,40,50,active
952,456,55,319,active
953,163,69,996,active
954,753,36,828,active
955,498,52,1010,active
956,1045,70,183,active
957,1469,73,556,sold
958,510,67,454,active
959,1459,52,504,active
960,405,17,288,active
961,781,52,988,active
962,1280,68,501,active
963,151,17,459,active
964,1162,63,1191,sold
965,1366,23,169,active
966,526,24,743,active
967,378,22,1183,active
968,1270,17,12,active
969,816,10,1189,active
970,1166,75,501,active
971,707,49,749,sold
972,1231,20,723,sold
973,1236,71,308,active
974,1133,62,1065,sold
975,1139,66,572,active
976,924,79,229,active
977,889,2,372,active
978,522,68,214,active
979,516,78,994,active
980,671,26,740,active
981,389,77,105,active
982,259,52,11,active
983,137,38,368,active
984,1349,60,1145,active
985,1264,9,1177,removed
986,1336,30,1048,active
987,583,73,88,active
988,243,3,253,active
989,1178,64,400,active
990,1302,70,581,active
991,1212,79,666,active
992,671,50,368,active
993,1367,18,367,sold
994,675,80,1192,active
995,310,8,643,active
996,690,30,35,active
997,993,55,529,active
998,210,80,1160,active
999,1271,52,154,sold
1000,1165,70,1135,sold
1001,70,48,493,active
1002,9,11,586,active
1003,504,1,552,active
1004,838,13,1152,active
1005,1172,43,593,active
1006,1335,38,1041,removed
1007,635,32,975,sold
1008,1006,33,149,active
1009,652,29,1187,active
1010,398,62,807,active
1011,829,13,14,active
1012,1004,64,242,active
1013,151,64,1194,active
1014,463,54,108,removed
1015,1359,23,1189,active
1016,1424,43,1018,active
1017,1196,77,879,active
1018,407,67,599,active
1019,942,6,233,active
1020,377,38,1045,sold
1021,564,58,357,active
1022,1,35,614,active
1023,910,69,510,removed
1024,462,41,82,sold
1025,11,61,507,active
1026,1246,10,963,active
1027,70,72,1048,removed
1028,732,12,598,active
1029,1347,22,1064,active
1030,711,11,333,active
1031,395,33,42,active
1032,151,72,973,active
1033,3,45,428,active
1034,162,13,399,removed
1035,926,34,337,active
1036,1269,51,817,active
1037,1234,15,1135,active
1038,1325,63,1002,active
1039,104,37,12,active
1040,26,40,397,removed
1041,241,70,344,sold
1042,510,78,1137,removed
1043,1119,20,220,active
1044,1106,4,830,active
1045,784,51,942,active
1046,1498,6,296,active
1047,1115,71,490,active
1048,571,3,806,active
1049,1107,2,189,active
1050,323,78,848,active
1051,783,37,842,active
1052,1230,27,1067,active
1053,485,44,878,active
1054,410,8,1147,active
1055,960,39,328,removed
1056,1031,65,1108,active
1057,885,63,50,active
1058,1240,72,598,sold
1059,88,77,209,active
1060,1392,16,736,active
1061,190,70,1026,active
1062,1419,37,1066,active
1063,189,26,830,removed
1064,298,50,466,active
1065,687,69,344,active
1066,1149,7,425,active
1067,818,31,228,active
1068,229,77,802,active
1069,605,59,978,active
1070,326,19,21,active
1071,1231,61,827,active
1072,978,35,447,active
1073,607,62,884,active
1074,117,69,828,removed
1075,282,26,97,active
1076,131,38,480,active
1077,1265,74,421,active
1078,1181,35,520,removed
1079,996,50,501,active
1080,835,24,309,active
1081,1181,49,1136,active
1082,476,2,173,active
1083,151,69,372,active
1084,766,63,994,active
1085,919,1,269,sold
1086,1059,52,58,active
1087,107,51,294,active
1088,811,31,535,removed
1089,760,6,161,active
1090,1313,12,791,active
1091,545,2,764,active
1092,248,2,1060,active
1093,90,76,147,sold
1094,121,31,782,active
1095,748,18,27,active
1096,695,21,839,active
1097,943,48,699,active
1098,1224,47,288,removed
1099,1177,24,1192,active
1100,102,80,871,active
1101,89,18,1063,sold
1102,715,64,1149,active
1103,659,33,992,active
1104,1291,76,1170,active
1105,654,37,913,active
1106,1239,37,844,active
1107,675,29,638,active
1108,1142,3,771,active
1109,1472,71,731,active
1110,1289,45,655,active
1111,580,43,489,sold
1112,322,22,733,removed
1113,760,20,152,active
1114,1014,7,392,active
1115,779,2,292,sold
1116,837,14,992,active
1117,286,40,667,active
1118,917,2,367,active
1119,1312,20,925,active
1120,832,3,163,active
1121,129,47,626,active
1122,146,48,1175,active
1123,9,9,544,active
1124,1487,12,522,active
1125,193,41,522,active
1126,1079,57,703,active
1127,265,23,319,active
1128,429,32,725,active
1129,906,73,330,active
1130,769,34,893,active
1131,438,13,829,removed
1132,1423,60,716,active
1133,1481,59,152,active
1134,164,68,779,active
1135,815,56,1187,active
1136,616,52,712,active
1137,677,50,1091,active
1138,482,25,1087,active
1139,1244,64,329,active
1140,1146,59,487,active
1141,15,48,837,active
1142,381,32,911,active
1143,971,12,669,active
1144,13,13,693,active
1145,53,78,443,active
1146,496,28,233,removed
1147,295,78,849,active
1148,1398,18,261,active
1149,830,38,324,active
1150,1149,18,400,active
1151,336,51,1150,removed
1152,943,49,758,removed
1153,1337,24,323,active
1154,970,31,762,sold
1155,327,29,878,active
1156,693,19,56,active
1157,1405,24,26,active
1158,515,1,80,active
1159,387,30,931,removed
1160,1058,36,364,active
1161,609,64,806,active
1162,1211,68,185,removed
1163,19,62,410,removed
1164,173,43,1030,active
1165,701,17,1104,active
1166,907,42,538,active
1167,1248,80,86,active
1168,453,16,34,active
1169,806,37,306,active
1170,317,24,947,removed
1171,1281,20,1125,active
1172,921,60,576,active
1173,155,54,1092,active
1174,1434,5,1175,active
1175,612,62,32,sold
1176,908,1,257,active
1177,108,31,466,removed
1178,687,79,389,active
1179,1032,39,169,active
1180,174,5,783,active
1181,1451,39,886,active
1182,1016,35,21,active
1183,890,61,956,removed
1184,1037,22,529,active
1185,283,48,699,sold
1186,881,21,16,removed
1187,502,52,234,removed
1188,1357,46,775,removed
1189,827,34,1163,active
1190,146,37,705,active
1191,646,77,602,active
1192,428,14,648,sold
1193,1203,74,828,active
1194,1177,70,862,active
1195,1226,10,321,active
1196,1447,65,528,active
1197,1271,41,995,active
1198,578,77,855,removed
1199,426,19,1006,active
1200,894,38,269,active
1201,456,76,321,removed
1202,208,17,125,active
1203,1123,75,856,sold
1204,1093,10,807,removed
1205,214,43,756,active
1206,696,30,313,active
1207,1434,10,224,active
1208,895,21,172,sold
1209,1212,68,856,sold
1210,1020,39,214,removed
1211,1305,21,423,active
1212,945,65,846,active
1213,1052,65,651,active
1214,264,27,555,active
1215,1119,62,71,active
1216,1120,38,84,active
1217,102,50,848,active
1218,1498,26,848,active
1219,1179,48,492,active
1220,1178,77,662,sold
1221,556,51,29,removed
1222,665,66,529,active
1223,1277,35,697,removed
1224,793,25,1089,active
1225,495,1,1055,active
1226,911,20,249,active
1227,245,7,1026,active
1228,1176,19,516,active
1229,821,17,8,active
1230,661,46,1109,active
1231,921,65,500,sold
1232,677,64,813,sold
1233,817,42,406,removed
1234,735,64,434,active
1235,353,33,581,active
1236,12,1,65,active
1237,915,44,645,removed
1238,850,68,1055,active
1239,1400,8,440,active
1240,784,46,319,active
1241,316,23,1098,active
1242,620,34,85,removed
1243,1206,79,583,sold
1244,11,19,981,removed
1245,414,26,654,active
1246,1095,55,20,active
1247,478,41,1002,active
1248,86,9,557,active
1249,503,53,239,active
1250,1275,39,991,sold
1251,316,28,635,active
1252,125,23,55,removed
1253,682,7,666,active
1254,1096,29,35,sold
1255,570,9,263,active
1256,1185,2,716,removed
1257,1307,9,1006,active
1258,1222,63,1068,removed
1259,1180,63,169,removed
1260,690,20,683,active
1261,430,47,478,active
1262,1079,2,369,active
1263,87,60,253,active
1264,774,63,370,sold
1265,30,74,400,active
1266,1309,29,704,active
1267,39,44,717,removed
1268,1124,6,176,active
1269,886,1,209,active
1270,514,35,183,active
1271,91,30,1192,active
1272,1087,77,1199,removed
1273,681,67,349,active
1274,36,60,234,removed
1275,315,6,284,active
1276,902,59,582,active
1277,895,59,446,active
1278,233,40,83,active
1279,872,35,1118,active
1280,1478,21,249,active
1281,1070,17,1026,active
1282,1314,67,1074,active
1283,1054,36,130,active
1284,326,32,791,removed
1285,345,55,35,active
1286,739,71,464,active
1287,574,22,565,active
1288,985,38,1143,active
1289,203,57,238,active
1290,787,52,224,removed
1291,438,12,456,active
1292,1085,12,577,active
1293,307,38,952,active
1294,782,47,1003,active
1295,640,54,763,active
1296,48,54,1143,active
1297,274,59,882,active
1298,1339,61,147,active
1299,1030,75,31,sold
1300,351,30,582,active
1301,1174,8,41,active
1302,878,41,1006,active
1303,1464,70,768,active
1304,114,71,349,removed
1305,915,75,401,active
1306,145,57,519,active
1307,643,26,729,active
1308,1116,70,765,active
1309,927,27,568,active
1310,723,75,80,active
1311,1234,8,686,active
1312,757,66,747,removed
1313,1285,50,208,active
1314,1127,27,627,active
1315,1049,57,504,active
1316,47,20,1181,active
1317,981,52,97,active
1318,1216,52,830,active
1319,235,78,32,active
1320,684,12,675,removed
1321,1120,13,192,sold
1322,1326,70,648,active
1323,1343,13,634,removed
1324,55,63,8,sold
1325,795,77,42,removed
1326,97,59,720,active
1327,986,19,724,active
1328,794,71,745,removed
1329,459,36,1115,active
1330,1358,56,808,active
1331,931,6,301,active
1332,91,54,609,active
1333,1047,79,507,removed
1334,1495,29,1198,active
1335,726,58,14,removed
1336,906,31,904,active
1337,350,28,124,active
1338,697,6,830,removed
1339,652,57,825,sold
1340,733,17,787,active
1341,980,80,740,active
1342,456,67,341,active
1343,574,34,53,active
1344,1043,69,259,active
1345,157,40,79,active
1346,990,7,797,sold
1347,210,20,1152,active
1348,1328,42,1043,active
1349,821,69,547,active
1350,1286,51,1000,sold
1351,1094,78,92,active
1352,1194,57,1082,removed
1353,1266,58,663,active
1354,292,30,782,sold
1355,1286,35,440,active
1356,598,34,505,sold
1357,1177,38,29,sold
1358,475,55,884,removed
1359,611,3,82,active
1360,276,79,397,active
1361,1022,65,808,active
1362,244,46,715,sold
1363,750,58,860,sold
1364,1232,19,809,active
1365,214,66,484,sold
1366,427,5,170,active
1367,182,43,687,active
1368,1445,39,785,active
1369,465,30,217,active
1370,770,48,85,active
1371,1284,33,663,active
1372,887,50,28,sold
1373,425,39,362,removed
1374,965,33,478,active
1375,251,45,908,active
1376,731,70,354,active
1377,1285,63,333,active
1378,1249,15,523,active
1379,7,44,14,sold
1380,340,10,637,active
1381,829,73,680,active
1382,588,13,285,removed
1383,615,36,815,active
1384,1432,8,858,active
1385,1152,27,844,active
1386,922,37,30,active
1387,264,76,991,active
1388,257,69,497,active
1389,1305,31,1195,active
1390,59,20,523,sold
1391,1300,45,1192,sold
1392,61,74,884,active
1393,788,24,143,active
1394,387,54,465,active
1395,253,77,912,active
1396,851,53,536,sold
1397,4,18,389,active
1398,493,36,216,removed
1399,66,18,971,removed
1400,263,18,829,active
1401,451,35,753,active
1402,82,10,1108,sold
1403,1486,57,1196,active
1404,453,54,605,active
1405,34,13,586,removed
1406,1259,10,406,active
1407,624,36,995,active
1408,562,38,31,active
1409,433,32,950,removed
1410,129,59,376,removed
1411,739,56,1087,active
1412,772,7,136,active
1413,505,63,918,active
1414,447,9,698,active
1415,731,49,1101,active
1416,686,46,715,removed
1417,1310,24,602,active
1418,770,34,993,active
1419,1245,6,30,active
1420,1122,42,3,sold
1421,686,44,79,active
1422,427,35,954,active
1423,1400,33,1077,active
1424,986,19,222,active
1425,1098,30,704,active
1426,961,31,1177,active
1427,518,47,344,active
1428,1425,11,461,active
1429,599,75,1013,active
1430,733,12,141,active
1431,1205,59,651,active
1432,1208,41,264,active
1433,1410,2,360,active
1434,660,37,302,active
1435,1333,56,526,active
1436,398,7,849,active
1437,766,65,64,active
1438,1481,69,593,sold
1439,176,40,256,active
1440,665,12,1154,active
1441,469,56,596,active
1442,350,14,1162,removed
1443,996,71,95,active
1444,200,6,754,active
1445,1293,68,398,active
1446,264,43,931,active
1447,109,53,785,active
1448,5,19,1064,active
1449,1185,26,305,sold
1450,1478,10,459,sold
1451,368,26,13,active
1452,109,24,240,active
1453,1029,56,1075,active
1454,1326,43,1119,active
1455,1383,42,1127,removed
1456,345,37,906,active
1457,593,20,31,active
1458,984,5,127,active
1459,525,41,903,active
1460,291,3,119,sold
1461,823,55,1100,active
1462,1064,19,160,active
1463,280,36,43,active
1464,655,30,1069,sold
1465,268,24,812,active
1466,763,49,176,active
1467,196,79,925,active
1468,155,15,927,active
1469,1095,40,259,active
1470,207,25,285,active
1471,745,24,641,active
1472,240,28,197,active
1473,1225,33,415,removed
1474,844,37,413,active
1475,624,24,621,active
1476,611,79,546,active
1477,11,23,329,active
1478,881,55,238,active
1479,112,75,1169,active
1480,896,59,778,active
1481,1281,32,345,active
1482,1127,47,219,active
1483,476,46,497,removed
1484,189,43,838,active
1485,786,52,455,removed
1486,1153,9,332,active
1487,799,21,454,removed
1488,1310,66,74,active
1489,854,54,371,active
1490,969,48,273,active
1491,1192,48,198,active
1492,905,35,1137,removed
1493,890,41,814,active
1494,427,72,712,active
1495,1434,53,158,removed
1496,1181,71,1094,active
1497,512,20,360,active
1498,1449,50,614,sold
1499,309,39,127,active
1500,168,21,784,active
1501,1321,54,1169,active
1502,1281,71,1146,active
1503,556,28,1156,active
1504,842,71,407,active
1505,879,32,816,active
1506,846,13,484,active
1507,302,38,696,active
1508,1309,31,756,active
1509,1119,10,510,active
1510,460,65,104,active
1511,1056,26,845,active
1512,60,32,27,active
1513,427,61,162,active
1514,966,22,948,removed
1515,9,13,341,active
1516,868,62,1180,active
1517,1458,3,684,removed
1518,792,36,705,active
1519,270,16,356,active
1520,403,76,941,active
1521,906,51,226,active
1522,570,19,914,active
1523,1297,22,477,removed
1524,608,45,916,active
1525,392,77,135,active
1526,1199,76,771,removed
1527,24,28,486,removed
1528,538,65,1038,active
1529,1368,15,223,active
1530,1439,50,873,active
1531,943,12,761,active
1532,1377,4,505,active
1533,1128,29,272,active
1534,1229,15,38,active
1535,798,14,211,active
1536,1170,4,140,active
1537,1472,32,698,active
1538,1498,75,39,removed
1539,167,25,283,active
1540,557,28,588,sold
1541,859,62,803,removed
1542,1405,36,659,removed
1543,577,6,1009,active
1544,1416,34,110,active
1545,146,56,614,active
1546,78,10,313,sold
1547,187,14,492,active
1548,580,75,801,active
1549,1358,11,945,active
1550,639,21,1101,sold
1551,309,68,691,removed
1552,855,54,1141,active
1553,1115,5,913,sold
1554,1272,78,45,active
1555,296,16,1175,removed
1556,411,34,622,removed
1557,675,39,681,active
1558,320,8,259,active
1559,153,55,74,active
1560,1159,13,602,removed
1561,1212,13,254,sold
1562,783,8,97,active
1563,985,13,1051,active
1564,177,64,142,active
1565,277,13,715,active
1566,34,18,374,sold
1567,1371,1,200,sold
1568,1067,72,983,active
1569,593,12,148,active
1570,1093,59,1043,active
1571,650,18,1118,active
1572,1428,10,946,sold
1573,437,56,588,removed
1574,755,63,468,active
1575,878,25,743,active
1576,1135,11,43,sold
1577,1023,39,754,sold
1578,1347,49,151,removed
1579,587,22,310,active
1580,244,45,354,removed
1581,156,31,103,sold
1582,447,43,64,active
1583,1359,56,1188,active
1584,796,9,500,active
1585,706,44,208,sold
1586,360,64,904,active
1587,154,1,175,active
1588,580,63,875,removed
1589,1450,60,716,active
1590,1444,79,344,active
1591,736,55,480,active
1592,1038,73,1168,active
1593,120,4,454,active
1594,1288,44,534,active
1595,1359,52,258,active
1596,1034,38,1092,active
1597,378,58,780,active
1598,934,20,480,active
1599,1339,47,497,active
1600,531,49,1074,active
1601,47,6,103,active
1602,1340,36,137,removed
1603,11,49,632,active
1604,863,24,325,active
1605,1435,66,548,removed
1606,211,1,4,sold
1607,844,53,667,active
1608,1377,35,1196,removed
1609,206,63,169,active
1610,16,61,501,active
1611,1028,15,150,active
1612,1351,21,176,active
1613,1131,19,223,active
1614,318,37,14,active
1615,965,42,1067,active
1616,395,46,744,active
1617,609,5,2,active
1618,80,71,333,active
1619,238,30,459,removed
1620,209,15,1152,active
1621,1367,4,1009,removed
1622,644,25,397,sold
1623,908,19,205,removed
1624,1087,76,163,sold
1625,16,56,360,active
1626,1435,47,1177,active
1627,84,77,928,active
1628,493,4,158,sold
1629,36,10,28,removed
1630,210,80,358,sold
1631,1459,43,301,active
1632,1256,43,1072,removed
1633,1046,13,1145,active
1634,590,61,684,active
1635,931,37,895,removed
1636,264,71,42,active
1637,1314,66,822,active
1638,1250,29,27,active
1639,706,64,1122,active
1640,1455,4,821,sold
1641,952,72,718,removed
1642,1368,19,121,active
1643,1354,80,882,sold
1644,911,33,1146,sold
1645,491,52,732,active
1646,654,43,680,active
1647,706,64,961,active
1648,1172,40,848,removed
1649,1116,36,229,active
1650,2,54,740,sold
1651,1161,7,840,active
1652,314,67,746,removed
1653,879,2,465,active
1654,100,50,410,active
1655,493,30,557,removed
1656,761,57,1101,active
1657,818,41,180,active
1658,191,29,517,active
1659,142,39,721,removed
1660,120,18,441,active
1661,42,66,349,active
1662,1481,52,756,active
1663,1312,79,1041,active
1664,552,39,565,removed
1665,1022,24,401,removed
1666,19,69,351,active
1667,493,19,1109,active
1668,436,39,635,active
1669,66,36,97,active
1670,259,40,137,active
1671,701,32,1159,removed
1672,1230,14,406,active
1673,646,59,351,removed
1674,1198,4,472,active
1675,1022,73,990,active
1676,333,36,205,active
1677,126,31,934,active
1678,1346,19,761,removed
1679,1384,77,362,active
1680,456,11,400,active
1681,286,68,475,active
1682,573,3,1121,removed
1683,1240,56,483,active
1684,1414,80,737,active
1685,324,13,602,active
1686,322,77,175,removed
1687,55,39,109,active
1688,1110,23,1114,active
1689,1402,31,725,active
1690,832,49,741,active
1691,11,51,275,sold
1692,727,5,1195,active
1693,473,76,195,active
1694,619,69,954,sold
1695,734,1,227,active
1696,857,13,819,active
1697,218,74,297,active
1698,434,48,759,active
1699,1238,63,105,active
1700,5,8,789,active
1701,1452,75,792,active
1702,204,49,182,active
1703,698,49,870,active
1704,576,64,79,active
1705,755,46,1194,active
1706,6,58,711,sold
1707,293,30,1,active
1708,705,28,170,active
1709,170,50,796,active
1710,954,69,941,active
1711,679,49,360,active
1712,590,32,547,active
1713,243,79,366,sold
1714,723,26,826,active
1715,214,11,818,active
1716,1022,55,1192,active
1717,877,44,71,active
1718,1350,61,792,removed
1719,857,9,154,active
1720,1179,21,682,active
1721,1435,42,589,active
1722,834,10,977,active
1723,123,20,164,active
1724,1383,15,481,active
1725,1121,57,28,active
1726,979,55,253,active
1727,278,20,245,active
1728,253,70,439,active
1729,147,18,466,removed
1730,1059,37,791,active
1731,849,29,1121,active
1732,171,37,1038,active
1733,639,25,26,active
1734,502,59,1014,active
1735,504,73,919,active
1736,1428,20,1074,active
1737,1429,10,257,active
1738,896,45,736,active
1739,1029,49,468,active
1740,260,62,923,sold
1741,1462,34,127,active
1742,1135,26,981,active
1743,846,44,701,active
1744,699,27,1131,active
1745,85,13,122,removed
1746,1367,4,996,active
1747,724,21,851,active
1748,600,24,532,active
1749,452,48,79,removed
1750,1000,24,348,active
1751,708,29,1184,removed
1752,510,63,1168,removed
1753,1378,51,390,sold
1754,791,79,580,sold
1755,533,68,544,active
1756,1206,55,198,active
1757,1184,37,862,active
1758,247,3,382,active
1759,283,41,6,sold
1760,1185,17,1194,active
1761,670,50,659,sold
1762,225,19,1000,active
1763,864,17,916,active
1764,856,64,221,active
1765,474,41,855,active
1766,903,75,951,active
1767,1403,35,1067,active
1768,269,74,136,active
1769,1346,48,1109,active
1770,302,26,363,removed
1771,946,71,1056,active
1772,1433,1,357,sold
1773,1010,73,571,removed
1774,281,48,143,removed
1775,597,7,564,active
1776,472,79,655,active
1777,600,58,683,active
1778,295,32,238,active
1779,1498,20,844,active
1780,1163,35,394,active
1781,809,63,491,removed
1782,912,2,486,active
1783,1291,29,819,active
1784,1066,55,248,active
1785,138,18,1089,removed
1786,311,4,1003,sold
1787,101,67,363,active
1788,550,17,477,removed
1789,1113,27,253,sold
1790,436,55,1041,active
1791,1181,49,27,sold
1792,1044,22,1155,sold
1793,1107,78,498,active
1794,1307,11,848,active
1795,18,43,783,active
1796,1243,37,1097,active
1797,1228,18,28,active
1798,759,54,348,active
1799,107,15,1067,active
1800,536,80,454,removed
1801,192,73,1145,active
1802,103,1,95,active
1803,680,38,481,active
1804,707,68,870,active
1805,1451,8,666,removed
1806,444,68,896,active
1807,1309,5,356,active
1808,140,8,351,active
1809,496,9,430,active
1810,1043,44,93,active
1811,677,25,646,active
1812,212,36,639,active
1813,978,40,564,active
1814,1036,7,242,active
1815,1310,2,127,sold
1816,1058,41,469,active
1817,226,63,1027,removed
1818,1125,34,41,active
1819,1246,5,192,removed
1820,1346,14,497,removed
1821,1080,72,789,active
1822,991,14,538,active
1823,750,67,1143,active
1824,1060,55,139,active
1825,1170,61,1010,removed
1826,899,46,711,active
1827,1068,26,811,active
1828,848,9,588,removed
1829,1474,42,1065,active
1830,1099,27,462,active
1831,731,70,83,active
1832,865,42,543,active
1833,1118,48,307,active
1834,491,32,710,active
1835,1043,21,353,active
1836,820,19,117,active
1837,1435,62,415,active
1838,137,43,665,removed
1839,872,55,676,active
1840,427,1,996,removed
1841,415,1,189,removed
1842,699,27,196,sold
1843,947,23,591,removed
1844,881,76,688,removed
1845,455,33,394,active
1846,760,8,205,active
1847,1061,48,1161,active
1848,219,31,5,removed
1849,957,25,1158,sold
1850,1097,73,1138,active
1851,1479,2,782,active
1852,459,72,1065,active
1853,342,62,971,active
1854,934,15,149,removed
1855,1027,38,176,active
1856,1420,62,799,active
1857,799,26,2,removed
1858,126,2,546,sold
1859,300,10,58,removed
1860,1468,36,177,active
1861,1383,38,606,active
1862,1389,7,431,active
1863,991,58,580,active
1864,1268,55,1150,active
1865,1188,75,772,active
1866,771,47,864,active
1867,717,52,494,removed
1868,833,38,46,active
1869,1482,49,649,removed
1870,399,37,952,active
1871,36,79,868,active
1872,331,37,1162,active
1873,1382,49,831,active
1874,402,59,765,active
1875,1423,24,158,removed
1876,1187,10,930,active
1877,1278,2,564,active
1878,1420,37,590,active
1879,863,7,933,active
1880,1010,76,141,active
1881,674,5,911,active
1882,90,9,488,active
1883,311,54,10,active
1884,67,18,492,active
1885,1172,27,817,active
1886,960,44,734,active
1887,1140,27,274,active
1888,1040,65,868,active
1889,1008,12,737,active
1890,581,74,494,active
1891,187,33,472,active
1892,1456,65,1138,active
1893,1298,50,1048,active
1894,492,20,27,removed
1895,188,64,843,active
1896,1347,53,522,active
1897,1062,19,386,active
1898,683,34,1057,removed
1899,341,64,817,active
1900,6,6,992,active
1901,1384,19,25,active
1902,1361,7,108,active
1903,773,3,398,active
1904,50,72,938,active
1905,427,19,616,removed
1906,821,26,888,active
1907,1321,26,292,active
1908,862,28,469,active
1909,412,2,111,sold
1910,117,5,724,active
1911,1219,76,292,active
1912,909,67,140,active
1913,635,69,1190,active
1914,1079,30,415,active
1915,571,9,415,active
1916,1230,24,765,active
1917,1274,30,61,sold
1918,1447,29,774,active
1919,870,12,301,removed
1920,807,22,659,sold
1921,51,66,965,removed
1922,288,18,822,active
1923,1065,9,431,removed
1924,1172,39,954,active
1925,1429,33,942,active
1926,8,45,1121,active
1927,151,12,42,sold
1928,1395,71,1164,active
1929,501,2,1062,active
1930,1019,26,743,active
1931,1032,38,175,active
1932,1198,16,912,active
1933,1367,55,744,active
1934,836,46,792,active
1935,1492,14,498,removed
1936,875,62,840,removed
1937,1043,64,591,active
1938,257,68,669,removed
1939,444,53,1142,active
1940,1116,68,1115,active
1941,733,4,109,active
1942,813,21,565,sold
1943,353,76,197,active
1944,886,56,547,active
1945,1416,66,12,active
1946,1409,25,551,active
1947,176,51,998,active
1948,384,71,1128,active
1949,1385,69,1190,active
1950,950,38,712,active
1951,652,73,661,active
1952,663,44,763,active
1953,953,20,535,active
1954,1236,64,468,active
1955,1125,25,1122,active
1956,1090,4,394,active
1957,149,38,153,removed
1958,224,50,408,active
1959,1194,25,703,active
1960,285,76,1178,sold
1961,722,51,433,removed
1962,1095,69,544,active
1963,234,40,651,active
1964,115,47,947,active
1965,1472,78,226,active
1966,1218,24,648,sold
1967,1150,63,431,active
1968,102,30,785,active
1969,290,76,241,active
1970,209,20,422,active
1971,131,65,481,removed
1972,74,64,342,active
1973,48,52,808,active
1974,706,20,223,active
1975,388,53,743,active
1976,244,72,18,active
1977,86,2,958,sold
1978,1309,26,23,sold
1979,536,23,1114,active
1980,1456,55,175,active
1981,1176,58,447,active
1982,1301,37,29,active
1983,669,64,1090,removed
1984,189,36,378,active
1985,1359,77,452,sold
1986,1390,64,319,active
1987,780,70,1111,active
1988,427,47,789,active
1989,764,29,318,active
1990,135,36,468,active
1991,1125,69,809,removed
1992,725,66,245,active
1993,549,65,245,removed
1994,1151,30,808,sold
1995,724,71,1162,active
1996,328,54,1017,active
1997,890,51,1013,active
1998,642,31,191,active
1999,1358,59,585,active
2000,965,1,1138,active
